year_month,cpi_1914,cpi_1947,cpi_1953,cpi_1968,cpi_1975,cpi_1982,cpi_1989,cpi_1996,cpi_2001,cpi_2006,cpi_2011
1979M01,2142.8,671.7,537.4,330.3,150.2,54.9,38.9,32.9,27.9,23.6,22.6
1979M02,2142.8,671.7,537.4,330.3,150.2,54.9,38.9,32.9,27.9,23.6,22.6
1979M03,2142.8,671.7,537.4,330.3,150.2,54.9,38.9,32.9,27.9,23.6,22.6
1979M04,2211.3,693.2,554.6,340.8,155,56.6,40.1,34,28.8,24.4,23.3
1979M05,2211.3,693.2,554.6,340.8,155,56.6,40.1,34,28.8,24.4,23.3
1979M06,2211.3,693.2,554.6,340.8,155,56.6,40.1,34,28.8,24.4,23.3
1979M07,2302.6,721.8,577.5,354.9,161.4,58.9,41.8,35.4,29.9,25.4,24.3
1979M08,2302.6,721.8,577.5,354.9,161.4,58.9,41.8,35.4,29.9,25.4,24.3
1979M09,2302.6,721.8,577.5,354.9,161.4,58.9,41.8,35.4,29.9,25.4,24.3
1979M10,2385.3,747.8,598.2,367.7,167.2,61.1,43.3,36.7,31,26.3,25.2
1979M11,2385.3,747.8,598.2,367.7,167.2,61.1,43.3,36.7,31,26.3,25.2
1979M12,2385.3,747.8,598.2,367.7,167.2,61.1,43.3,36.7,31,26.3,25.2
1980M01,2475.2,775.9,620.7,381.5,173.5,63.4,44.9,38.1,32.2,27.3,26.1
1980M02,2475.2,775.9,620.7,381.5,173.5,63.4,44.9,38.1,32.2,27.3,26.1
1980M03,2475.2,775.9,620.7,381.5,173.5,63.4,44.9,38.1,32.2,27.3,26.1
1980M04,2657.8,833.2,666.5,409.7,186.3,68,48.2,40.9,34.6,29.3,28.1
1980M05,2657.8,833.2,666.5,409.7,186.3,68,48.2,40.9,34.6,29.3,28.1
1980M06,2657.8,833.2,666.5,409.7,186.3,68,48.2,40.9,34.6,29.3,28.1
1980M07,2736.3,857.8,686.2,421.8,191.8,70,49.6,42.1,35.6,30.1,28.9
1980M08,2736.3,857.8,686.2,421.8,191.8,70,49.6,42.1,35.6,30.1,28.9
1980M09,2736.3,857.8,686.2,421.8,191.8,70,49.6,42.1,35.6,30.1,28.9
1980M10,2820.5,884.2,707.3,434.7,197.7,72.2,51.2,43.4,36.7,31.1,29.8
1980M11,2820.5,884.2,707.3,434.7,197.7,72.2,51.2,43.4,36.7,31.1,29.8
1980M12,2820.5,884.2,707.3,434.7,197.7,72.2,51.2,43.4,36.7,31.1,29.8
1981M01,2994.5,938.7,751,461.6,209.9,76.7,54.3,46,38.9,33,31.6
1981M02,2994.5,938.7,751,461.6,209.9,76.7,54.3,46,38.9,33,31.6
1981M03,2994.5,938.7,751,461.6,209.9,76.7,54.3,46,38.9,33,31.6
1981M04,3111.5,975.4,780.3,479.6,218.1,79.7,56.5,47.8,40.5,34.3,32.8
1981M05,3111.5,975.4,780.3,479.6,218.1,79.7,56.5,47.8,40.5,34.3,32.8
1981M06,3111.5,975.4,780.3,479.6,218.1,79.7,56.5,47.8,40.5,34.3,32.8
1981M07,3287,1030.4,824.3,506.6,230.4,84.2,59.7,50.5,42.8,36.2,34.7
1981M08,3287,1030.4,824.3,506.6,230.4,84.2,59.7,50.5,42.8,36.2,34.7
1981M09,3287,1030.4,824.3,506.6,230.4,84.2,59.7,50.5,42.8,36.2,34.7
1981M10,3478.1,1090.3,872.3,536.1,243.8,89,63.1,53.5,45.2,38.3,36.7
1981M11,3478.1,1090.3,872.3,536.1,243.8,89,63.1,53.5,45.2,38.3,36.7
1981M12,3478.1,1090.3,872.3,536.1,243.8,89,63.1,53.5,45.2,38.3,36.7
1982M01,3599.5,1115.8,892.7,548.7,249.5,91.1,64.6,54.7,46.3,39.2,37.6
1982M02,3599.5,1115.8,892.7,548.7,249.5,91.1,64.6,54.7,46.3,39.2,37.6
1982M03,3599.5,1115.8,892.7,548.7,249.5,91.1,64.6,54.7,46.3,39.2,37.6
1982M04,3764.9,1180.2,944.2,580.3,263.9,96.4,68.3,57.9,49,41.5,39.7
1982M05,3764.9,1180.2,944.2,580.3,263.9,96.4,68.3,57.9,49,41.5,39.7
1982M06,3764.9,1180.2,944.2,580.3,263.9,96.4,68.3,57.9,49,41.5,39.7
1982M07,3844.8,1205.3,964.2,592.6,269.5,98.5,69.8,59.1,50,42.4,40.6
1982M08,3844.8,1205.3,964.2,592.6,269.5,98.5,69.8,59.1,50,42.4,40.6
1982M09,3844.8,1205.3,964.2,592.6,269.5,98.5,69.8,59.1,50,42.4,40.6
1982M10,3906.1,1224.5,979.6,602.1,273.8,100,70.9,60.1,50.8,43,41.2
1982M11,3906.1,1224.5,979.6,602.1,273.8,100,70.9,60.1,50.8,43,41.2
1982M12,3906.1,1224.5,979.6,602.1,273.8,100,70.9,60.1,50.8,43,41.2
1983M01,4003.8,1255.1,1004.1,617.1,280.6,102.5,72.6,61.5,52.1,44.1,42.2
1983M02,4003.8,1255.1,1004.1,617.1,280.6,102.5,72.6,61.5,52.1,44.1,42.2
1983M03,4003.8,1255.1,1004.1,617.1,280.6,102.5,72.6,61.5,52.1,44.1,42.2
1983M04,4113.2,1289.4,1031.5,634,288.3,105.3,74.6,63.2,53.5,45.3,43.4
1983M05,4113.2,1289.4,1031.5,634,288.3,105.3,74.6,63.2,53.5,45.3,43.4
1983M06,4113.2,1289.4,1031.5,634,288.3,105.3,74.6,63.2,53.5,45.3,43.4
1983M07,4230.3,1326.1,1060.9,652.1,296.5,108.3,76.7,65,55,46.6,44.6
1983M08,4230.3,1326.1,1060.9,652.1,296.5,108.3,76.7,65,55,46.6,44.6
1983M09,4230.3,1326.1,1060.9,652.1,296.5,108.3,76.7,65,55,46.6,44.6
1983M10,4308.5,1350.6,1080.5,664.1,302,110.3,78.2,66.2,56,47.5,45.5
1983M11,4308.5,1350.6,1080.5,664.1,302,110.3,78.2,66.2,56,47.5,45.5
1983M12,4308.5,1350.6,1080.5,664.1,302,110.3,78.2,66.2,56,47.5,45.5
1984M01,4410,1382.5,1106,679.8,309.1,112.9,80.1,67.8,57.4,48.6,46.6
1984M02,4410,1382.5,1106,679.8,309.1,112.9,80.1,67.8,57.4,48.6,46.6
1984M03,4410,1382.5,1106,679.8,309.1,112.9,80.1,67.8,57.4,48.6,46.6
1984M04,4511.6,1414.3,1131.4,695.4,316.2,115.5,81.8,69.3,58.7,49.7,47.6
1984M05,4511.6,1414.3,1131.4,695.4,316.2,115.5,81.8,69.3,58.7,49.7,47.6
1984M06,4511.6,1414.3,1131.4,695.4,316.2,115.5,81.8,69.3,58.7,49.7,47.6
1984M07,4566.3,1431.4,1145.1,703.8,320.1,116.9,82.9,70.2,59.4,50.3,48.2
1984M08,4566.3,1431.4,1145.1,703.8,320.1,116.9,82.9,70.2,59.4,50.3,48.2
1984M09,4566.3,1431.4,1145.1,703.8,320.1,116.9,82.9,70.2,59.4,50.3,48.2
1984M10,4597.5,1441.2,1153,708.7,322.3,117.7,83.4,70.7,59.8,50.7,48.5
1984M11,4597.5,1441.2,1153,708.7,322.3,117.7,83.4,70.7,59.8,50.7,48.5
1984M12,4597.5,1441.2,1153,708.7,322.3,117.7,83.4,70.7,59.8,50.7,48.5
1985M01,4683.5,1468.2,1174.5,721.9,328.3,119.9,85,72,60.9,51.6,49.4
1985M02,4683.5,1468.2,1174.5,721.9,328.3,119.9,85,72,60.9,51.6,49.4
1985M03,4683.5,1468.2,1174.5,721.9,328.3,119.9,85,72,60.9,51.6,49.4
1985M04,4746,1487.8,1190.2,731.5,332.7,121.5,86.2,73,61.8,52.3,50.1
1985M05,4746,1487.8,1190.2,731.5,332.7,121.5,86.2,73,61.8,52.3,50.1
1985M06,4746,1487.8,1190.2,731.5,332.7,121.5,86.2,73,61.8,52.3,50.1
1985M07,4816.3,1509.8,1207.8,742.4,337.6,123.3,87.4,74,62.6,53.1,50.8
1985M08,4816.3,1509.8,1207.8,742.4,337.6,123.3,87.4,74,62.6,53.1,50.8
1985M09,4816.3,1509.8,1207.8,742.4,337.6,123.3,87.4,74,62.6,53.1,50.8
1985M10,4824.1,1512.2,1209.8,743.6,338.1,123.5,87.6,74.2,62.8,53.2,50.9
1985M11,4824.1,1512.2,1209.8,743.6,338.1,123.5,87.6,74.2,62.8,53.2,50.9
1985M12,4824.1,1512.2,1209.8,743.6,338.1,123.5,87.6,74.2,62.8,53.2,50.9
1986M01,4898.3,1535.5,1228.4,755,343.3,125.4,88.9,75.3,63.7,54,51.7
1986M02,4898.3,1535.5,1228.4,755,343.3,125.4,88.9,75.3,63.7,54,51.7
1986M03,4898.3,1535.5,1228.4,755,343.3,125.4,88.9,75.3,63.7,54,51.7
1986M04,4956.9,1553.9,1243.1,764,347.5,126.9,90,76.2,64.5,54.6,52.3
1986M05,4956.9,1553.9,1243.1,764,347.5,126.9,90,76.2,64.5,54.6,52.3
1986M06,4956.9,1553.9,1243.1,764,347.5,126.9,90,76.2,64.5,54.6,52.3
1986M07,4964.7,1556.3,1245.1,765.3,348,127.1,90.1,76.3,64.6,54.7,52.4
1986M08,4964.7,1556.3,1245.1,765.3,348,127.1,90.1,76.3,64.6,54.7,52.4
1986M09,4964.7,1556.3,1245.1,765.3,348,127.1,90.1,76.3,64.6,54.7,52.4
1986M10,4976.4,1560,1248,767.1,348.8,127.4,90.3,76.5,64.7,54.8,52.5
1986M11,4976.4,1560,1248,767.1,348.8,127.4,90.3,76.5,64.7,54.8,52.5
1986M12,4976.4,1560,1248,767.1,348.8,127.4,90.3,76.5,64.7,54.8,52.5
1987M01,5066.3,1588.2,1270.5,780.9,355.1,129.7,91.9,77.9,65.9,55.8,53.5
1987M02,5066.3,1588.2,1270.5,780.9,355.1,129.7,91.9,77.9,65.9,55.8,53.5
1987M03,5066.3,1588.2,1270.5,780.9,355.1,129.7,91.9,77.9,65.9,55.8,53.5
1987M04,5097.5,1598,1278.4,785.7,357.3,130.5,92.5,78.3,66.3,56.2,53.8
1987M05,5097.5,1598,1278.4,785.7,357.3,130.5,92.5,78.3,66.3,56.2,53.8
1987M06,5097.5,1598,1278.4,785.7,357.3,130.5,92.5,78.3,66.3,56.2,53.8
1987M07,5124.8,1606.5,1285.2,789.9,359.2,131.2,93,78.8,66.6,56.5,54.1
1987M08,5124.8,1606.5,1285.2,789.9,359.2,131.2,93,78.8,66.6,56.5,54.1
1987M09,5124.8,1606.5,1285.2,789.9,359.2,131.2,93,78.8,66.6,56.5,54.1
1987M10,5128.8,1607.8,1286.2,790.5,359.5,131.3,93.1,78.9,66.7,56.5,54.1
1987M11,5128.8,1607.8,1286.2,790.5,359.5,131.3,93.1,78.9,66.7,56.5,54.1
1987M12,5128.8,1607.8,1286.2,790.5,359.5,131.3,93.1,78.9,66.7,56.5,54.1
1988M01,5163.9,1618.8,1295,796,362,132.2,93.7,79.4,67.2,56.9,54.5
1988M02,5163.9,1618.8,1295,796,362,132.2,93.7,79.4,67.2,56.9,54.5
1988M03,5163.9,1618.8,1295,796,362,132.2,93.7,79.4,67.2,56.9,54.5
1988M04,5191.2,1627.4,1301.9,800.2,363.9,132.9,94.2,79.8,67.5,57.2,54.8
1988M05,5191.2,1627.4,1301.9,800.2,363.9,132.9,94.2,79.8,67.5,57.2,54.8
1988M06,5191.2,1627.4,1301.9,800.2,363.9,132.9,94.2,79.8,67.5,57.2,54.8
1988M07,5234.2,1640.8,1312.7,806.8,366.9,134,95,80.5,68.1,57.7,55.2
1988M08,5234.2,1640.8,1312.7,806.8,366.9,134,95,80.5,68.1,57.7,55.2
1988M09,5234.2,1640.8,1312.7,806.8,366.9,134,95,80.5,68.1,57.7,55.2
1988M10,5265.5,1650.6,1320.5,811.6,369.1,134.8,95.5,80.9,68.5,58,55.6
1988M11,5265.5,1650.6,1320.5,811.6,369.1,134.8,95.5,80.9,68.5,58,55.6
1988M12,5265.5,1650.6,1320.5,811.6,369.1,134.8,95.5,80.9,68.5,58,55.6
1989M01,5335.8,1672.7,1338.1,822.4,374,136.6,96.8,82,69.4,58.8,56.3
1989M02,5335.8,1672.7,1338.1,822.4,374,136.6,96.8,82,69.4,58.8,56.3
1989M03,5335.8,1672.7,1338.1,822.4,374,136.6,96.8,82,69.4,58.8,56.3
1989M04,5390.5,1689.8,1351.8,830.9,377.8,138,97.8,82.9,70.1,59.4,56.9
1989M05,5390.5,1689.8,1351.8,830.9,377.8,138,97.8,82.9,70.1,59.4,56.9
1989M06,5390.5,1689.8,1351.8,830.9,377.8,138,97.8,82.9,70.1,59.4,56.9
1989M07,5468.6,1714.3,1371.4,842.9,383.3,140,99.3,84.1,71.2,60.3,57.7
1989M08,5468.6,1714.3,1371.4,842.9,383.3,140,99.3,84.1,71.2,60.3,57.7
1989M09,5468.6,1714.3,1371.4,842.9,383.3,140,99.3,84.1,71.2,60.3,57.7
1989M10,5511.6,1727.8,1382,849.5,386.3,141.1,100,84.7,71.7,60.7,58.2
1989M11,5511.6,1727.8,1382,849.5,386.3,141.1,100,84.7,71.7,60.7,58.2
1989M12,5511.6,1727.8,1382,849.5,386.3,141.1,100,84.7,71.7,60.7,58.2
1990M01,5561.2,1743.3,1394.6,857.2,389.8,142.4,100.9,85.5,72.4,61.3,58.7
1990M02,5561.2,1743.3,1394.6,857.2,389.8,142.4,100.9,85.5,72.4,61.3,58.7
1990M03,5561.2,1743.3,1394.6,857.2,389.8,142.4,100.9,85.5,72.4,61.3,58.7
1990M04,5577.7,1748.5,1398.8,859.7,391,142.8,101.2,85.8,72.6,61.5,58.9
1990M05,5577.7,1748.5,1398.8,859.7,391,142.8,101.2,85.8,72.6,61.5,58.9
1990M06,5577.7,1748.5,1398.8,859.7,391,142.8,101.2,85.8,72.6,61.5,58.9
1990M07,5627.3,1764,1411.2,867.4,394.4,144.1,102.1,86.5,73.2,62,59.4
1990M08,5627.3,1764,1411.2,867.4,394.4,144.1,102.1,86.5,73.2,62,59.4
1990M09,5627.3,1764,1411.2,867.4,394.4,144.1,102.1,86.5,73.2,62,59.4
1990M10,5660.4,1774.4,1419.5,872.5,396.8,144.9,102.7,87,73.6,62.4,59.7
1990M11,5660.4,1774.4,1419.5,872.5,396.8,144.9,102.7,87,73.6,62.4,59.7
1990M12,5660.4,1774.4,1419.5,872.5,396.8,144.9,102.7,87,73.6,62.4,59.7
1991M01,5704.5,1788.2,1430.6,879.3,399.9,146,103.5,87.7,74.2,62.8,60.2
1991M02,5704.5,1788.2,1430.6,879.3,399.9,146,103.5,87.7,74.2,62.8,60.2
1991M03,5704.5,1788.2,1430.6,879.3,399.9,146,103.5,87.7,74.2,62.8,60.2
1991M04,5748.5,1802.1,1441.6,886.1,402.9,147.2,104.3,88.4,74.8,63.4,60.7
1991M05,5748.5,1802.1,1441.6,886.1,402.9,147.2,104.3,88.4,74.8,63.4,60.7
1991M06,5748.5,1802.1,1441.6,886.1,402.9,147.2,104.3,88.4,74.8,63.4,60.7
1991M07,5825.7,1826.2,1461,898,408.4,149.1,105.7,89.6,75.8,64.2,61.5
1991M08,5825.7,1826.2,1461,898,408.4,149.1,105.7,89.6,75.8,64.2,61.5
1991M09,5825.7,1826.2,1461,898,408.4,149.1,105.7,89.6,75.8,64.2,61.5
1991M10,5864.3,1838.3,1470.7,903.9,411.1,150.1,106.4,90.1,76.2,64.6,61.9
1991M11,5864.3,1838.3,1470.7,903.9,411.1,150.1,106.4,90.1,76.2,64.6,61.9
1991M12,5864.3,1838.3,1470.7,903.9,411.1,150.1,106.4,90.1,76.2,64.6,61.9
1992M01,5913.9,1853.9,1483.1,911.6,414.5,151.4,107.3,90.9,76.9,65.1,62.4
1992M02,5913.9,1853.9,1483.1,911.6,414.5,151.4,107.3,90.9,76.9,65.1,62.4
1992M03,5913.9,1853.9,1483.1,911.6,414.5,151.4,107.3,90.9,76.9,65.1,62.4
1992M04,5958,1867.7,1494.2,918.4,417.6,152.5,108.1,91.6,77.5,65.6,62.9
1992M05,5958,1867.7,1494.2,918.4,417.6,152.5,108.1,91.6,77.5,65.6,62.9
1992M06,5958,1867.7,1494.2,918.4,417.6,152.5,108.1,91.6,77.5,65.6,62.9
1992M07,5991.1,1878.1,1502.5,923.5,419.9,153.4,108.7,92.1,77.9,66,63.2
1992M08,5991.1,1878.1,1502.5,923.5,419.9,153.4,108.7,92.1,77.9,66,63.2
1992M09,5991.1,1878.1,1502.5,923.5,419.9,153.4,108.7,92.1,77.9,66,63.2
1992M10,6002.1,1881.5,1505.2,925.2,420.7,153.7,108.9,92.3,78.1,66.1,63.3
1992M11,6002.1,1881.5,1505.2,925.2,420.7,153.7,108.9,92.3,78.1,66.1,63.3
1992M12,6002.1,1881.5,1505.2,925.2,420.7,153.7,108.9,92.3,78.1,66.1,63.3
1993M01,6024.1,1888.4,1510.8,928.6,422.3,154.2,109.3,92.6,78.3,66.3,63.6
1993M02,6024.1,1888.4,1510.8,928.6,422.3,154.2,109.3,92.6,78.3,66.3,63.6
1993M03,6024.1,1888.4,1510.8,928.6,422.3,154.2,109.3,92.6,78.3,66.3,63.6
1993M04,6013.1,1885,1508,926.9,421.5,153.9,109.1,92.5,78.2,66.3,63.5
1993M05,6013.1,1885,1508,926.9,421.5,153.9,109.1,92.5,78.2,66.3,63.5
1993M06,6013.1,1885,1508,926.9,421.5,153.9,109.1,92.5,78.2,66.3,63.5
1993M07,6073.7,1904,1523.2,936.2,425.7,155.5,110.2,93.4,79,66.9,64.1
1993M08,6073.7,1904,1523.2,936.2,425.7,155.5,110.2,93.4,79,66.9,64.1
1993M09,6073.7,1904,1523.2,936.2,425.7,155.5,110.2,93.4,79,66.9,64.1
1993M10,6090.3,1909.2,1527.3,938.7,426.9,155.9,110.5,93.7,79.2,67.1,64.3
1993M11,6090.3,1909.2,1527.3,938.7,426.9,155.9,110.5,93.7,79.2,67.1,64.3
1993M12,6090.3,1909.2,1527.3,938.7,426.9,155.9,110.5,93.7,79.2,67.1,64.3
1994M01,6128.8,1921.3,1537,944.7,429.6,156.9,111.2,94.2,79.7,67.5,64.7
1994M02,6128.8,1921.3,1537,944.7,429.6,156.9,111.2,94.2,79.7,67.5,64.7
1994M03,6128.8,1921.3,1537,944.7,429.6,156.9,111.2,94.2,79.7,67.5,64.7
1994M04,6178.4,1936.8,1549.5,952.3,433.1,158.2,112.1,95,80.4,68.1,65.2
1994M05,6178.4,1936.8,1549.5,952.3,433.1,158.2,112.1,95,80.4,68.1,65.2
1994M06,6178.4,1936.8,1549.5,952.3,433.1,158.2,112.1,95,80.4,68.1,65.2
1994M07,6228.1,1952.4,1561.9,960,436.6,159.4,113,95.7,81,68.6,65.7
1994M08,6228.1,1952.4,1561.9,960,436.6,159.4,113,95.7,81,68.6,65.7
1994M09,6228.1,1952.4,1561.9,960,436.6,159.4,113,95.7,81,68.6,65.7
1994M10,6233.6,1954.1,1563.3,960.8,436.9,159.6,113.1,95.8,81.1,68.7,65.8
1994M11,6233.6,1954.1,1563.3,960.8,436.9,159.6,113.1,95.8,81.1,68.7,65.8
1994M12,6233.6,1954.1,1563.3,960.8,436.9,159.6,113.1,95.8,81.1,68.7,65.8
1995M01,6283.2,1969.6,1575.7,968.5,440.4,160.9,114,96.6,81.7,69.2,66.3
1995M02,6283.2,1969.6,1575.7,968.5,440.4,160.9,114,96.6,81.7,69.2,66.3
1995M03,6283.2,1969.6,1575.7,968.5,440.4,160.9,114,96.6,81.7,69.2,66.3
1995M04,6349.3,1990.4,1592.3,978.7,445.1,162.5,115.2,97.6,82.6,70,67
1995M05,6349.3,1990.4,1592.3,978.7,445.1,162.5,115.2,97.6,82.6,70,67
1995M06,6349.3,1990.4,1592.3,978.7,445.1,162.5,115.2,97.6,82.6,70,67
1995M07,6376.9,1999,1599.2,982.9,447,163.3,115.7,98.1,83,70.3,67.3
1995M08,6376.9,1999,1599.2,982.9,447,163.3,115.7,98.1,83,70.3,67.3
1995M09,6376.9,1999,1599.2,982.9,447,163.3,115.7,98.1,83,70.3,67.3
1995M10,6382.4,2000.7,1600.6,983.8,447.4,163.4,115.8,98.1,83,70.3,67.4
1995M11,6382.4,2000.7,1600.6,983.8,447.4,163.4,115.8,98.1,83,70.3,67.4
1995M12,6382.4,2000.7,1600.6,983.8,447.4,163.4,115.8,98.1,83,70.3,67.4
1996M01,6409.9,2009.4,1607.5,988,449.3,164.1,116.3,98.5,83.4,70.6,67.7
1996M02,6409.9,2009.4,1607.5,988,449.3,164.1,116.3,98.5,83.4,70.6,67.7
1996M03,6409.9,2009.4,1607.5,988,449.3,164.1,116.3,98.5,83.4,70.6,67.7
1996M04,6437.5,2018,1614.4,992.3,451.2,164.8,116.8,99,83.8,71,68
1996M05,6437.5,2018,1614.4,992.3,451.2,164.8,116.8,99,83.8,71,68
1996M06,6437.5,2018,1614.4,992.3,451.2,164.8,116.8,99,83.8,71,68
1996M07,6470.6,2028.4,1622.7,997.4,453.6,165.7,117.4,99.5,84.2,71.3,68.3
1996M08,6470.6,2028.4,1622.7,997.4,453.6,165.7,117.4,99.5,84.2,71.3,68.3
1996M09,6470.6,2028.4,1622.7,997.4,453.6,165.7,117.4,99.5,84.2,71.3,68.3
1996M10,6503.6,2038.8,1631,1002.5,455.9,166.5,118,100,84.6,71.7,68.7
1996M11,6503.6,2038.8,1631,1002.5,455.9,166.5,118,100,84.6,71.7,68.7
1996M12,6503.6,2038.8,1631,1002.5,455.9,166.5,118,100,84.6,71.7,68.7
1997M01,6471.1,2028.6,1622.9,997.5,453.6,165.7,117.4,99.5,84.2,71.3,68.3
1997M02,6510.1,2040.8,1632.6,1003.5,456.4,166.7,118.1,100.1,84.7,71.7,68.7
1997M03,6516.6,2042.9,1634.3,1004.5,456.8,166.8,118.2,100.2,84.8,71.8,68.8
1997M04,6523.1,2044.9,1635.9,1005.5,457.3,167,118.4,100.3,84.8,71.9,68.8
1997M05,6536.1,2049,1639.2,1007.5,458.2,167.3,118.6,100.5,85,72,69
1997M06,6555.6,2055.1,1644,1010.5,459.5,167.8,118.9,100.8,85.3,72.3,69.2
1997M07,6549.1,2053.1,1642.4,1009.5,459.1,167.7,118.8,100.7,85.2,72.2,69.1
1997M08,6536.1,2049,1639.2,1007.5,458.2,167.3,118.6,100.5,85,72,69
1997M09,6568.6,2059.2,1647.3,1012.5,460.5,168.2,119.2,101,85.4,72.4,69.3
1997M10,6581.6,2063.3,1650.6,1014.5,461.4,168.5,119.4,101.2,85.6,72.5,69.5
1997M11,6607.7,2071.4,1657.1,1018.5,463.2,169.2,119.9,101.6,86,72.8,69.8
1997M12,6627.2,2077.5,1662,1021.5,464.6,169.7,120.2,101.9,86.2,73,70
1998M01,6588.1,2065.3,1652.2,1015.5,461.8,168.7,119.5,101.3,85.7,72.6,69.6
1998M02,6620.7,2075.5,1660.4,1020.5,464.1,169.5,120.1,101.8,86.1,72.9,69.9
1998M03,6653.2,2085.7,1668.5,1025.6,466.4,170.3,120.7,102.3,86.5,73.3,70.2
1998M04,6685.7,2095.9,1676.7,1030.6,468.7,171.2,121.3,102.8,87,73.7,70.6
1998M05,6711.7,2104,1683.2,1034.6,470.5,171.8,121.8,103.2,87.3,74,70.9
1998M06,6744.2,2114.2,1691.3,1039.6,472.8,172.7,122.4,103.6,87.7,74.3,71.2
1998M07,6724.7,2108.1,1686.5,1036.6,471.4,172.2,122,103.4,87.5,74.1,71
1998M08,6744.2,2114.2,1691.3,1039.6,472.8,172.7,122.4,103.7,87.7,74.3,71.2
1998M09,6763.7,2120.4,1696.2,1042.6,474.1,173.2,122.7,104,88,74.5,71.4
1998M10,6770.2,2122.4,1697.9,1043.6,474.6,173.3,122.8,104.1,88.1,74.6,71.5
1998M11,6744.2,2114.2,1691.3,1039.6,472.8,172.7,122.4,103.7,87.8,74.4,71.2
1998M12,6737.7,2112.2,1689.7,1038.6,472.3,172.5,122.2,103.6,87.7,74.3,71.1
1999M01,6685.7,2095.9,1676.7,1030.6,468.7,171.2,121.3,102.8,87,73.7,70.6
1999M02,6724.7,2108.1,1686.5,1036.6,471.4,172.2,122,103.4,87.5,74.1,71
1999M03,6744.2,2114.2,1691.3,1039.6,472.8,172.7,122.4,103.7,87.7,74.3,71.2
1999M04,6776.8,2124.4,1699.5,1044.6,475,173.5,123,104.2,88.1,74.7,71.5
1999M05,6809.3,2134.6,1707.7,1049.6,477.3,174.3,123.5,104.7,88.6,75,71.9
1999M06,6828.8,2140.7,1712.6,1052.6,478.7,174.8,123.9,105,88.8,75.2,72.1
1999M07,6802.8,2132.6,1706,1048.6,476.9,174.2,123.4,104.6,88.5,75,71.8
1999M08,6841.8,2144.8,1715.8,1054.6,479.6,175.2,124.1,105.2,89,75.4,72.3
1999M09,6867.8,2153,1722.3,1058.6,481.4,175.8,124.6,105.6,89.3,75.7,72.5
1999M10,6874.3,2155,1724,1059.6,481.9,176,124.7,105.7,89.4,75.7,72.5
1999M11,6887.3,2159.1,1727.2,1061.6,482.8,176.3,125,105.8,89.6,75.9,72.7
1999M12,6965.4,2183.6,1746.8,1073.7,488.3,178.3,126.4,107.1,90.6,76.8,73.5
2000M01,6952.3,2179.5,1743.5,1071.7,487.4,178,126.1,106.9,90.4,76.6,73.4
2000M02,7010.9,2197.8,1758.2,1080.7,491.5,179.5,127.2,107.8,91.2,77.2,74
2000M03,7056.4,2212.1,1769.6,1087.7,494.7,180.7,128,108.5,91.8,77.8,74.5
2000M04,7108.4,2228.4,1782.7,1095.7,498.3,182,129,109.3,92.5,78.3,75
2000M05,7160.5,2244.7,1795.7,1103.8,501.9,183.3,129.9,110.1,93.1,78.9,75.6
2000M06,7206,2259,1807.1,1110.8,505.1,184.5,130.7,110.8,93.7,79.4,76.1
2000M07,7225.5,2265.1,1812,1113.8,506.5,185,131.1,111.1,94,79.6,76.3
2000M08,7264.5,2277.3,1821.8,1119.8,509.2,186,131.8,111.7,94.5,80,76.7
2000M09,7290.5,2285.5,1828.4,1123.8,511.1,186.6,132.3,112.1,94.9,80.4,77
2000M10,7342.6,2301.8,1841.4,1131.8,514.7,188,133.2,112.9,95.5,80.9,77.5
2000M11,7368.6,2310,1847.9,1135.8,516.5,188.6,133.7,113.3,95.9,81.2,77.8
2000M12,7375.1,2312,1849.6,1136.8,517,188.8,133.8,113.4,95.9,81.3,77.9
2001M01,7316.6,2293.7,1834.9,1127.8,512.9,187.3,132.8,112.5,95.1,80.6,77.2
2001M02,7381.6,2314,1851.2,1137.8,517.4,189,133.9,113.5,96,81.4,77.9
2001M03,7440.1,2332.4,1865.9,1146.9,521.5,190.5,135,114.4,96.8,82,78.6
2001M04,7505.2,2352.8,1882.2,1156.9,526.1,192.1,136.2,115.4,97.6,82.7,79.2
2001M05,7550.7,2367,1893.6,1163.9,529.3,193.3,137,116.1,98.2,83.2,79.7
2001M06,7589.7,2379.3,1903.4,1169.9,532,194.3,137.7,116.7,98.7,83.6,80.1
2001M07,7570.2,2373.2,1898.5,1166.9,530.7,193.8,137.4,116.4,98.5,83.4,79.9
2001M08,7596.2,2381.3,1905,1170.9,532.5,194.5,137.8,116.8,98.8,83.7,80.2
2001M09,7628.7,2391.5,1913.2,1175.9,534.8,195.3,138.4,117.3,99.2,84.1,80.5
2001M10,7654.7,2399.7,1919.7,1179.9,536.6,196,138.9,117.7,99.6,84.3,80.8
2001M11,7648.2,2397.6,1918.1,1178.9,536.1,195.8,138.8,117.6,99.5,84.3,80.7
2001M12,7687.3,2409.9,1927.8,1185,538.9,196.8,139.5,118.2,100,84.7,81.1
2002M01,7671.9,2405.1,1923.9,1182.6,537.8,196.4,139.2,118,99.8,84.6,81
2002M02,7725.7,2421.9,1937.4,1190.9,541.6,197.8,140.2,118.8,100.5,85.1,81.5
2002M03,7794.9,2443.6,1954.8,1201.6,546.4,199.6,141.5,119.8,101.4,85.9,82.3
2002M04,7864.1,2465.3,1972.1,1212.3,551.3,201.3,142.7,120.9,102.3,86.7,83
2002M05,7902.5,2477.4,1981.8,1218.2,554,202.3,143.4,121.6,102.8,87.1,83.5
2002M06,7917.9,2482.2,1985.6,1220.6,555.1,202.7,143.7,121.8,103,87.3,83.6
2002M07,7887.2,2472.6,1977.9,1215.8,552.9,201.9,143.1,121.2,102.6,86.9,83.2
2002M08,7933.3,2487,1989.5,1222.9,556.1,203.1,144,122,103.2,87.4,83.7
2002M09,7971.7,2499.1,1999.1,1228.8,558.8,204.1,144.7,122.6,103.7,87.8,84.1
2002M10,8010.2,2511.1,2008.8,1234.8,561.5,205.1,145.4,123.1,104.2,88.3,84.5
2002M11,8017.9,2513.5,2010.7,1236,562.1,205.3,145.5,123.2,104.3,88.3,84.6
2002M12,8071.7,2530.4,2024.2,1244.3,565.8,206.6,146.5,124.1,105,88.9,85.2
2003M01,8040.9,2520.8,2016.5,1239.5,563.7,205.9,145.9,123.6,104.6,88.6,84.9
2003M02,8117.8,2544.9,2035.8,1251.4,569.1,207.8,147.3,124.8,105.6,89.4,85.7
2003M03,8179.3,2564.1,2051.2,1260.8,573.4,209.4,148.4,125.7,106.4,90.1,86.3
2003M04,8202.3,2571.4,2057,1264.4,575,210,148.8,126.1,106.7,90.4,86.6
2003M05,8194.7,2569,2055,1263.2,574.5,209.8,148.7,125.9,106.6,90.3,86.5
2003M06,8194.7,2569,2055,1263.2,574.5,209.8,148.7,126,106.6,90.3,86.5
2003M07,8133.2,2549.7,2039.6,1253.7,570.2,208.2,147.6,125.1,105.8,89.7,85.9
2003M08,8187,2566.5,2053.1,1262,573.9,209.6,148.6,125.9,106.5,90.2,86.4
2003M09,8202.3,2571.4,2057,1264.4,575,210,148.8,126.1,106.7,90.4,86.5
2003M10,8194.7,2569,2055,1263.2,574.5,209.8,148.7,126,106.6,90.3,86.5
2003M11,8194.7,2569,2055,1263.2,574.5,209.8,148.7,126,106.6,90.3,86.5
2003M12,8225.4,2578.6,2062.7,1268,576.6,210.6,149.3,126.5,107,90.7,86.9
2004M01,8187,2566.5,2053.1,1262,573.9,209.6,148.6,125.9,106.5,90.2,86.4
2004M02,8256.2,2588.2,2070.5,1272.7,578.8,211.4,149.8,126.9,107.4,91,87.1
2004M03,8286.9,2597.9,2078.2,1277.4,580.9,212.2,150.4,127.5,107.8,91.3,87.5
2004M04,8317.7,2607.5,2085.9,1282.2,583.1,212.9,150.9,127.9,108.2,91.6,87.8
2004M05,8333,2612.3,2089.7,1284.5,584.2,213.3,151.2,128.2,108.4,91.8,88
2004M06,8379.2,2626.8,2101.3,1291.7,587.4,214.5,152.1,128.8,109,92.3,88.4
2004M07,8356.1,2619.6,2095.5,1288.1,585.8,213.9,151.6,128.4,108.7,92.1,88.2
2004M08,8402.2,2634,2107.1,1295.2,589,215.1,152.5,129.2,109.3,92.6,88.7
2004M09,8409.9,2636.4,2109,1296.4,589.6,215.3,152.6,129.3,109.4,92.7,88.7
2004M10,8417.6,2638.8,2110.9,1297.6,590.1,215.5,152.8,129.4,109.5,92.8,88.9
2004M11,8433,2643.7,2114.8,1299.9,591.2,215.9,153,129.7,109.7,93,89
2004M12,8440.7,2646.1,2116.7,1301.1,591.7,216.1,153.2,129.8,109.8,93.1,89.1
2005M01,8371.5,2624.4,2099.4,1290.5,586.9,214.3,151.9,128.8,108.9,92.3,88.4
2005M02,8440.7,2646.1,2116.7,1301.1,591.7,216.1,153.2,129.8,109.8,93,89.1
2005M03,8463.7,2653.3,2122.5,1304.7,593.3,216.7,153.6,130.1,110.1,93.2,89.3
2005M04,8502.2,2665.3,2132.1,1310.6,596,217.7,154.3,130.8,110.6,93.7,89.8
2005M05,8532.9,2675,2139.9,1315.4,598.2,218.4,154.8,131.1,111,94,90
2005M06,8556,2682.2,2145.6,1318.9,599.8,219,155.3,131.6,111.3,94.3,90.3
2005M07,8556,2682.2,2145.6,1318.9,599.8,219,155.3,131.5,111.3,94.2,90.3
2005M08,8594.4,2694.3,2155.3,1324.8,602.5,220,156,132.1,111.8,94.7,90.7
2005M09,8663.6,2716,2172.6,1335.5,607.3,221.8,157.2,133.2,112.7,95.5,91.4
2005M10,8671.3,2718.4,2174.6,1336.7,607.9,222,157.4,133.3,112.8,95.5,91.5
2005M11,8655.9,2713.5,2170.7,1334.3,606.8,221.6,157.1,133,112.6,95.4,91.3
2005M12,8648.2,2711.1,2168.8,1333.1,606.3,221.4,156.9,133,112.5,95.3,91.3
2006M01,8625.2,2703.9,2163,1329.6,604.6,220.8,156.5,132.6,112.2,95,91
2006M02,8717.4,2732.8,2186.1,1343.8,611.1,223.2,158.2,134,113.4,96.1,92
2006M03,8755.8,2744.9,2195.8,1349.7,613.8,224.2,158.9,134.6,113.9,96.5,92.4
2006M04,8825,2766.6,2213.1,1360.4,618.7,225.9,160.1,135.7,114.8,97.2,93.2
2006M05,8863.5,2778.6,2222.8,1366.3,621.4,226.9,160.8,136.3,115.3,97.7,93.6
2006M06,8886.5,2785.8,2228.5,1369.9,623,227.5,161.3,136.7,115.6,98,93.8
2006M07,8917.3,2795.5,2236.2,1374.6,625.1,228.3,161.8,137.1,116,98.2,94.1
2006M08,8978.8,2814.8,2251.7,1384.1,629.4,229.9,162.9,138,116.8,98.9,94.8
2006M09,9009.5,2824.4,2259.4,1388.8,631.6,230.6,163.5,138.5,117.2,99.3,95.1
2006M10,9009.5,2824.4,2259.4,1388.8,631.6,230.6,163.5,138.5,117.2,99.2,95.1
2006M11,9040.3,2834,2267.1,1393.6,633.7,231.4,164.1,139,117.6,99.6,95.4
2006M12,9071,2843.7,2274.8,1398.3,635.9,232.2,164.6,139.5,118,100,95.8
2007M01,9061.9,2840.9,2272.5,1396.9,635.1,232,164.4,139.3,117.9,99.9,95.7
2007M02,9134.5,2863.6,2290.7,1408.1,640.7,234,165.9,140.5,118.9,100.7,96.5
2007M03,9198,2883.5,2306.6,1417.9,645,235.6,167,141.5,119.7,101.4,97.1
2007M04,9270.6,2906.3,2324.8,1429.1,650,237.4,168.3,142.6,120.6,102.2,97.9
2007M05,9306.8,2917.6,2333.9,1434.7,652.5,238.3,168.9,143.1,121.1,102.6,98.3
2007M06,9325,2923.3,2338.5,1437.5,654.1,238.9,169.3,143.5,121.4,102.8,98.5
2007M07,9352.2,2931.9,2345.3,1441.6,655.9,239.6,169.8,143.9,121.7,103.1,98.8
2007M08,9397.6,2946.1,2356.7,1448.6,658.7,240.6,170.5,144.5,122.2,103.6,99.2
2007M09,9424.8,2954.6,2363.5,1452.8,660.9,241.4,171.1,145,122.7,103.9,99.5
2007M10,9433.8,2957.4,2365.8,1454.2,661.8,241.7,171.3,145.2,122.8,104,99.7
2007M11,9488.3,2974.5,2379.4,1462.6,665.3,243,172.3,145.9,123.5,104.6,100.2
2007M12,9497.3,2977.4,2381.7,1464,666.1,243.3,172.4,146.1,123.6,104.7,100.3
2008M01,9452,2963.1,2370.3,1457,662.5,242,171.5,145.3,123,104.2,99.8
2008M02,9569.9,3000.1,2399.9,1475.2,671,245.1,173.7,147.2,124.5,105.5,101.1
2008M03,9660.6,3028.5,2422.7,1489.2,677.3,247.4,175.4,148.6,125.7,106.5,102
2008M04,9669.7,3031.4,2424.9,1490.6,678.2,247.7,175.6,148.8,125.9,106.6,102.1
2008M05,9742.3,3054.1,2443.1,1501.8,682.9,249.4,176.8,149.8,126.7,107.4,102.8
2008M06,9787.6,3068.4,2454.5,1508.8,686.3,250.7,177.7,150.6,127.4,107.9,103.4
2008M07,9760.4,3059.8,2447.7,1504.6,684.5,250,177.2,150.2,127,107.6,103.1
2008M08,9805.8,3074,2459.1,1511.6,687.7,251.2,178,150.9,127.6,108.1,103.6
2008M09,9833,3082.6,2465.9,1515.8,689.5,251.8,178.5,151.2,128,108.4,103.8
2008M10,9814.8,3076.9,2461.3,1513,688.1,251.3,178.1,150.9,127.7,108.2,103.6
2008M11,9724.1,3048.4,2438.6,1499,681.9,249.1,176.5,149.6,126.6,107.2,102.7
2008M12,9606.2,3011.5,2409,1480.8,673.4,246,174.3,147.7,125,105.9,101.4
2009M01,9442.9,2960.3,2368.1,1455.6,662.3,241.9,171.5,145.3,122.9,104.1,99.7
2009M02,9406.6,2948.9,2359,1450,659.7,241,170.8,144.7,122.4,103.7,99.3
2009M03,9406.6,2948.9,2359,1450,659.4,240.9,170.7,144.7,122.4,103.7,99.3
2009M04,9334.1,2926.2,2340.8,1438.9,654.6,239.1,169.5,143.6,121.5,102.9,98.6
2009M05,9288.7,2911.9,2329.4,1431.9,651.3,237.9,168.6,142.9,120.9,102.4,98.1
2009M06,9261.5,2903.4,2322.6,1427.7,649.5,237.2,168.1,142.5,120.5,102.1,97.8
2009M07,9188.9,2880.7,2304.4,1416.5,644.4,235.4,166.8,141.4,119.6,101.3,97.1
2009M08,9225.2,2892,2313.5,1422.1,646.7,236.2,167.4,141.9,120,101.7,97.4
2009M09,9188.9,2880.7,2304.4,1416.5,644.5,235.4,166.9,141.4,119.6,101.3,97.1
2009M10,9170.8,2875,2299.8,1413.7,643,234.9,166.5,141.1,119.3,101.1,96.8
2009M11,9170.8,2875,2299.8,1413.7,642.9,234.8,166.4,141,119.3,101.1,96.8
2009M12,9125.4,2860.8,2288.4,1406.7,639.8,233.7,165.6,140.3,118.7,100.6,96.3
2010M01,9071,2843.7,2274.8,1398.3,636.1,232.4,164.7,139.5,118.1,100,95.8
2010M02,9107.3,2855.1,2283.9,1403.9,638.8,233.3,165.4,140.1,118.6,100.4,96.2
2010M03,9116.4,2857.9,2286.2,1405.3,639.3,233.5,165.5,140.2,118.7,100.5,96.3
2010M04,9134.5,2863.6,2290.7,1408.1,640.8,234,165.9,140.6,118.9,100.7,96.5
2010M05,9188.9,2880.7,2304.4,1416.5,644.3,235.3,166.8,141.3,119.6,101.3,97
2010M06,9179.9,2877.8,2302.1,1415.1,643.5,235.1,166.6,141.2,119.4,101.2,96.9
2010M07,9179.9,2877.8,2302.1,1415.1,643.5,235,166.6,141.2,119.4,101.2,96.9
2010M08,9243.3,2897.7,2318,1424.9,648.4,236.8,167.9,142.2,120.3,101.9,97.6
2010M09,9234.3,2894.9,2315.7,1423.5,647.3,236.4,167.6,142,120.1,101.8,97.5
2010M10,9234.3,2894.9,2315.7,1423.5,647.8,236.6,167.7,142.1,120.2,101.8,97.6
2010M11,9225.2,2892,2313.5,1422.1,646.7,236.2,167.4,141.9,120,101.7,97.4
2010M12,9243.3,2897.7,2318,1424.9,648.3,236.8,167.9,142.2,120.3,101.9,97.6
2011M01,9225.2,2892,2313.5,1422.1,646.7,236.2,167.4,141.9,120,101.7,97.4
2011M02,9306.8,2917.6,2333.9,1434.7,652.5,238.3,168.9,143.1,121.1,102.6,98.3
2011M03,9388.5,2943.2,2354.4,1447.2,658.4,240.5,170.5,144.4,122.2,103.5,99.2
2011M04,9424.8,2954.6,2363.5,1452.8,661,241.4,171.1,145,122.7,103.9,99.5
2011M05,9433.8,2957.4,2365.8,1454.2,661.5,241.6,171.3,145.1,122.8,104,99.6
2011M06,9424.8,2954.6,2363.5,1452.8,661,241.4,171.1,145,122.7,103.9,99.5
2011M07,9424.8,2954.6,2363.5,1452.8,660.6,241.3,171,144.9,122.6,103.9,99.5
2011M08,9442.9,2960.3,2368.1,1455.6,662,241.8,171.4,145.2,122.9,104.1,99.7
2011M09,9470.1,2968.8,2374.9,1459.8,663.9,242.5,171.9,145.6,123.2,104.4,100
2011M10,9497.3,2977.4,2381.7,1464,665.9,243.2,172.4,146.1,123.6,104.7,100.3
2011M11,9497.3,2977.4,2381.7,1464,665.8,243.2,172.4,146.1,123.6,104.7,100.3
2011M12,9470.1,2968.8,2374.9,1459.8,664,242.5,171.9,145.7,123.2,104.4,100
2012M01,9422.7,2954,2363,1452.5,660.7,241.3,171.1,144.9,122.6,103.9,99.5
2012M02,9508,2980.7,2384.4,1465.6,666.4,243.4,172.5,146.2,123.7,104.8,100.4
2012M03,9602.7,3010.4,2408.1,1480.2,673.3,245.9,174.3,147.7,125,105.9,101.4
2012M04,9602.7,3010.4,2408.1,1480.2,673.5,246,174.4,147.7,125,105.9,101.4
2012M05,9602.7,3010.4,2408.1,1480.2,673.3,245.9,174.3,147.7,125,105.9,101.4
2012M06,9583.7,3004.4,2403.4,1477.3,672.2,245.5,174,147.5,124.8,105.7,101.2
2012M07,9574.3,3001.5,2401,1475.9,671.5,245.3,173.8,147.3,124.6,105.6,101.1
2012M08,9631.1,3019.3,2415.3,1484.6,675.3,246.7,174.8,148.1,125.3,106.2,101.7
2012M09,9621.6,3016.3,2412.9,1483.2,674.3,246.3,174.6,147.9,125.2,106,101.6
2012M10,9612.2,3013.3,2410.5,1481.7,674,246.2,174.5,147.9,125.1,106,101.5
2012M11,9574.3,3001.5,2401,1475.9,671.3,245.2,173.8,147.3,124.6,105.5,101.1
2012M12,9583.7,3004.4,2403.4,1477.3,671.8,245.4,173.9,147.4,124.7,105.6,101.2
2013M01,9536.4,2989.6,2391.5,1470,668.8,244.3,173.2,146.7,124.1,105.2,100.7
2013M02,9612.2,3013.3,2410.5,1481.7,673.7,246.1,174.4,147.8,125,105.9,101.5
2013M03,9650,3025.2,2420,1487.5,676.9,247.2,175.3,148.5,125.6,106.4,101.9
2013M04,9650,3025.2,2420,1487.5,677,247.3,175.3,148.5,125.6,106.4,101.9
2013M05,9640.6,3022.2,2417.6,1486.1,676,246.9,175,148.3,125.5,106.3,101.8
2013M06,9650,3025.2,2420,1487.5,676.6,247.1,175.2,148.4,125.6,106.4,101.9
2013M07,9640.6,3022.2,2417.6,1486.1,676,246.9,175,148.3,125.5,106.3,101.8
2013M08,9650,3025.2,2420,1487.5,676.4,247.1,175.1,148.4,125.5,106.3,101.9
2013M09,9640.6,3022.2,2417.6,1486.1,675.8,246.8,175,148.2,125.4,106.2,101.8
2013M10,9621.6,3016.3,2412.9,1483.2,674.5,246.4,174.6,148,125.2,106,101.6
2013M11,9602.7,3010.4,2408.1,1480.2,673.5,246,174.4,147.7,125,105.9,101.4
2013M12,9602.7,3010.4,2408.1,1480.2,673.4,246,174.3,147.7,125,105.9,101.4
2014M01,9555.3,2995.5,2396.3,1472.9,669.8,244.7,173.4,146.9,124.3,105.3,100.9
2014M02,9602.7,3010.4,2408.1,1480.2,673.6,246,174.4,147.8,125,105.9,101.4
2014M03,9669,3031.1,2424.8,1490.5,678,247.6,175.5,148.7,125.8,106.6,102.1
2014M04,9678.4,3034.1,2427.1,1491.9,678.4,247.8,175.6,148.8,125.9,106.7,102.2
2014M05,9678.4,3034.1,2427.1,1491.9,678.4,247.8,175.6,148.8,125.9,106.7,102.2
